deviceId,label,isKpi,unit,hiQualityThreshold,hiAlarmThreshold,loAlarmThreshold,loQualityThreshold,lastCalibrated,locationUUID,alertStatusUri,tag
WRIDPFA28,Light,,lumens,,80,65,,,,,WR-IDP-FA28:light
WRIDPFA28,Temperature,,F,,80,65,,,,,WR-IDP-FA28:temperature
WRIDPFA28,Button,,,,80,65,,,,,WR-IDP-FA28:button
WRIDPFA28,Rotary Angle,,degrees,,80,65,,,,,WR-IDP-FA28:rotaryangle
WRIDPFA28,Vibration,,m/s2,,80,65,,,,,WR-IDP-FA28:vibration
WRIDPFA28,Sound,,dB,,80,65,,,,,WR-IDP-FA28:sound
WRIDPFA28,Touch,,psi,,80,65,,,,,WR-IDP-FA28:touch
