assetId,tagUri,label,isKpi,unit,hiQualityThreshold,hiAlarmThreshold,loAlarmThreshold,loQualityThreshold,lastCalibrated,locationUUID,alertStatusUri,timeseriesDatasource,edgeDatasourceName,edgeDatasourceControllerUri
compressor-2017,/tag/crank-frame-compressionratio,Compression Ratio,true,,,3,2.5,,,,,Compressor-2017:CompressionRatio,Compressor-2017:CompressionRatio,/asset/Bently.Nevada.3500.Rack1
compressor-2017,/tag/crank-frame-dischargepressure,Discharge Pressure,true,,,23,0,,,,/asset/compressor-2017.alert-status.crank-frame-discharge-pressure,Compressor-2017:DischargePressure,Compressor-2017:DischargePressure,/asset/Bently.Nevada.3500.Rack1
compressor-2017,/tag/crank-frame-suctionpressure,Suction Pressure,,,,0.21,0,,,,,Compressor-2017:SuctionPressure,Compressor-2017:SuctionPressure,/asset/Bently.Nevada.3500.Rack1
compressor-2017,/tag/crank-frame-maxpressure,Max Pressure,,,,26,22,,,,,Compressor-2017:MaximumPressure,Compressor-2017:MaximumPressure,/asset/Bently.Nevada.3500.Rack1
compressor-2017,/tag/crank-frame-velocity,Velocity,,,,0.07,0,,,,,Compressor-2017:Velocity,Compressor-2017:Velocity,/asset/Bently.Nevada.3500.Rack1
compressor-2017,/tag/crank-frame-temperature,Temperature,,,,80,65,,,,,Compressor-2017:Temperature,Compressor-2017:Temperature,/asset/Bently.Nevada.3500.Rack1
